rs1810745,1,0.0,1247456,G,A
rs3845293,1,0.0,1248109,C,A
rs35424002,1,0.0,1259849,G,A
rs28475450,1,0.0,1264213,G,A
rs3855955,1,0.0,1265940,G,A
rs17854636,1,0.0,1267396,C,T
rs182532,1,0.0,1276903,C,T
rs307380,1,0.0,1276990,A,G
rs34389364,1,0.0,1285186,A,G
rs34876581,1,0.0,1285266,C,T
rs2765023,1,0.0,1286928,C,T
rs2765021,1,0.0,1287285,T,C
rs34186100,1,0.0,1291496,T,C
rs17160669,1,0.0,1295424,C,T
rs2765015,1,0.0,1298845,G,A
rs2765036,1,0.0,1299840,G,A
rs2765033,1,0.0,1300787,C,T
rs2649588,1,0.0,1303878,T,C
rs2477779,1,0.0,1309499,G,T
rs1240743,1,0.0,1323299,A,C
rs35242196,1,0.0,1323461,C,A
rs2291889,1,0.0,1325081,G,A
rs1240707,1,0.0,1325165,C,T
rs1240708,1,0.0,1325653,G,A
rs17160975,1,0.0,1328459,G,T
rs17160977,1,0.0,1331048,A,G
rs12089560,1,0.0,1346413,A,G
rs1695824,1,0.0,1355433,C,A
rs873927,1,0.0,1356693,G,A
rs35958305,1,0.0,1357056,G,T
rs1240703,1,0.0,1358462,C,A
rs1312568,1,0.0,1375074,G,A
rs36044796,1,0.0,1378131,A,C
rs2862157,1,0.0,1407975,A,G
rs819980,1,0.0,1415563,C,T
rs1751477,1,0.0,1429557,G,A
rs6690515,1,0.0,1437188,A,G
rs6669795,1,0.0,1440810,A,C
rs9439458,1,0.0,1441243,C,T
rs9439440,1,0.0,1441632,C,T
